<?xml version="1.0" encoding="utf-8"?>
<manifest xmlns="http://bbs.linglingkeji.cc" versionCode="0.6,0.7,0.8">
	<application setting="false">
		<name><![CDATA[人人商城V2]]></name>
		<identifie><![CDATA[ewei_shopv2]]></identifie>
		<version><![CDATA[2.7.5]]></version>
		<type><![CDATA[business]]></type>
		<ability><![CDATA[人人商城(分销),多用户分权，淘宝商品一键转换，多种插件支持。]]></ability>
		<description><![CDATA[人人商城(分销)，多项信息模板，强大的自定义规格设置]]></description>
		<author><![CDATA[零零源码社区]]></author>
		<url><![CDATA[http://bbs.linglingkeji.cc]]></url>
	</application>
	<platform>
		<subscribes>
			<message type="text" />
			<message type="image" />
			<message type="voice" />
			<message type="video" />
			<message type="shortvideo" />
			<message type="location" />
			<message type="link" />
			<message type="subscribe" />
			<message type="unsubscribe" />
			<message type="qr" />
			<message type="trace" />
			<message type="click" />
			<message type="view" />
			<message type="merchant_order" />
		</subscribes>
		<handles>
			<message type="text" />
			<message type="image" />
			<message type="voice" />
			<message type="video" />
			<message type="shortvideo" />
			<message type="location" />
			<message type="link" />
			<message type="subscribe" />
			<message type="qr" />
			<message type="trace" />
			<message type="click" />
			<message type="merchant_order" />
		</handles>
		<rule embed="false" />
		<card embed="false" />
	</platform>
	<bindings>
		<cover>
			<entry title="商城入口" do="mobile" state="" direct="false" />
		</cover>
		<menu call="getMenus">
		</menu>
	</bindings>
	<permissions>
	</permissions>
	<install><![CDATA[install.php]]></install>
	<uninstall><![CDATA[]]></uninstall>
	<upgrade><![CDATA[]]></upgrade>
</manifest>